delay_ms,accuracy_slow,accuracy_fast,drift_slow,drift_fast
0,0.9777777777777777,0.9777777777777777,0.003,0.015
25,0.98,0.98,0.003,0.015
50,0.9777777777777777,0.94,0.003,0.015
100,0.9777777777777777,0.8355555555555556,0.003,0.015
200,0.9555555555555556,0.7088888888888889,0.003,0.015
300,0.9222222222222223,0.64,0.003,0.015
500,0.8355555555555556,0.5933333333333334,0.003,0.015
