std,accuracy
0.0,0.9777777777777777
0.1,0.98
0.2,0.98
0.3,0.9777777777777777
0.5,0.9666666666666667
0.8,0.9355555555555556
1.0,0.9111111111111111
