delay_ms,effective_accuracy
0,0.9311111111111111
10,0.9311111111111111
20,0.9311111111111111
30,0.9311111111111111
40,0.9311111111111111
50,0.9311111111111111
60,0.9311111111111111
70,0.9311111111111111
80,0.9311111111111111
90,0.9311111111111111
100,0.9311111111111111
110,0.9311111111111111
120,0.4444444444444444
130,0.12222222222222222
140,0.0
150,0.0
160,0.0
170,0.0
180,0.0
190,0.0
200,0.0
210,0.0
220,0.0
230,0.0
240,0.0
250,0.0
260,0.0
270,0.0
280,0.0
290,0.0
300,0.0
