noise_std,delay_ms,timeout_ms,drop_rate,raw_accuracy,effective_accuracy,failed_frac,dropped_frac,timed_out_frac
0.2,50,120,0.0,0.98,0.98,0.0,0.0,0.0
0.5,100,120,0.05,0.9666666666666667,0.92,0.04666666666666667,0.04666666666666667,0.0
0.8,200,120,0.05,0.9355555555555556,0.0,1.0,0.04666666666666667,1.0
